{
  "schema": 1,
  "signature": "Intel(R) Core(TM) i7-10750H CPU @ 2.60GHz|NVIDIA GeForce RTX 3060 Laptop GPU|610.47|3.0.0",
  "cpu": {
    "float32": [
      [
        128,
        0.0776112
      ],
      [
        256,
        0.077911
      ],
      [
        512,
        0.0785924
      ],
      [
        1024,
        0.0935221
      ],
      [
        2048,
        0.159132
      ],
      [
        4096,
        0.7379565
      ]
    ],
    "float64": [
      [
        128,
        0.0780911
      ],
      [
        256,
        0.0780567
      ],
      [
        512,
        0.0765496
      ],
      [
        1024,
        0.1083887
      ],
      [
        2048,
        0.2770542
      ],
      [
        4096,
        2.5199349
      ]
    ]
  },
  "calibrated_at": "2026-06-13T22:06:10.061725",
  "gpu": {
    "float32": [
      [
        128,
        4.771839827299118e-05
      ],
      [
        256,
        0.00010301439464092255
      ],
      [
        512,
        0.00042004480957984924
      ],
      [
        1024,
        0.006446694374084473
      ],
      [
        2048,
        0.025883031845092774
      ],
      [
        4096,
        0.030857421875
      ]
    ]
  },
  "transfer": {
    "h2d_gbps": 6.987231401947004,
    "d2h_gbps": 2.4006032552316223,
    "fixed_overhead_s": 8.712080078125e-05
  }
}